time,TS_0cm,TS_5cm,TS_10cm,TS_15cm,TS_20cm,TS_40cm,TS_80cm,TS_160cm,TS_320cm
2023-06-02T00:00:00Z,22.8,26.2,26.7,26.7,26.4,25.9,23.4,20.3,18.4
2023-06-02T01:00:00Z,22.8,25.9,26.4,26.5,26.3,25.9,23.4,20.3,18.5
2023-06-02T02:00:00Z,22.8,25.6,26.2,26.3,26.2,25.9,23.4,20.3,18.5
2023-06-02T03:00:00Z,22.3,25.4,26,26.1,26,25.9,23.4,20.3,18.5
2023-06-02T04:00:00Z,22,25.1,25.8,26,25.9,25.9,23.4,20.3,18.5
2023-06-02T05:00:00Z,21.8,24.9,25.6,25.8,25.8,25.9,23.4,20.4,18.5
2023-06-02T06:00:00Z,22.3,24.7,25.4,25.6,25.7,25.9,23.5,20.4,18.5
2023-06-02T07:00:00Z,26.7,24.9,25.2,25.5,25.5,25.8,23.5,20.4,18.5
2023-06-02T08:00:00Z,28.8,25.5,25.3,25.4,25.4,25.8,23.5,20.4,18.5
2023-06-02T09:00:00Z,31.8,26,25.6,25.4,25.4,25.8,23.5,20.4,18.5
2023-06-02T10:00:00Z,44.8,26.9,25.9,25.5,25.4,25.7,23.5,20.4,18.5
2023-06-02T11:00:00Z,40,27.9,26.4,25.7,25.4,25.7,23.5,20.4,18.5
2023-06-02T12:00:00Z,33.9,27.5,26.7,26,25.5,25.7,23.5,20.4,18.5
2023-06-02T13:00:00Z,36.1,27.8,26.8,26.1,25.6,25.7,23.5,20.4,18.5
2023-06-02T14:00:00Z,38.2,28,27,26.3,25.7,25.7,23.5,20.4,18.5
2023-06-02T15:00:00Z,40.7,28.5,27.2,26.4,25.8,25.7,23.6,20.4,18.5
2023-06-02T16:00:00Z,35.7,28.5,27.4,26.6,25.9,25.7,23.6,20.4,18.5
2023-06-02T17:00:00Z,31.1,28.1,27.5,26.7,26,25.7,23.6,20.4,18.5
2023-06-02T18:00:00Z,29.5,27.7,27.4,26.8,26.1,25.7,23.6,20.4,18.5
2023-06-02T19:00:00Z,27.2,27.4,27.2,26.8,26.1,25.8,23.6,20.4,18.5
2023-06-02T20:00:00Z,26.3,27,27,26.7,26.1,25.8,23.6,20.4,18.5
2023-06-02T21:00:00Z,25.9,26.7,26.8,26.6,26.1,25.8,23.6,20.4,18.5
2023-06-02T22:00:00Z,25.3,26.2,26.6,26.5,26.1,25.9,23.6,20.4,18.5
2023-06-02T23:00:00Z,23.8,25.7,26.3,26.3,26,25.9,23.6,20.4,18.5
2023-06-03T00:00:00Z,24,25.3,26,26.1,26,25.9,23.6,20.4,18.5
2023-06-03T01:00:00Z,23.7,25.1,25.7,25.9,25.8,25.9,23.6,20.5,18.5
2023-06-03T02:00:00Z,23.5,24.8,25.5,25.7,25.7,25.9,23.6,20.5,18.5
2023-06-03T03:00:00Z,23.1,24.6,25.3,25.6,25.6,25.8,23.6,20.5,18.5
2023-06-03T04:00:00Z,22.9,24.5,25.1,25.4,25.5,25.8,23.6,20.5,18.5
2023-06-03T05:00:00Z,22.7,24.4,25,25.3,25.4,25.8,23.6,20.5,18.5
2023-06-03T06:00:00Z,22.7,24.2,24.9,25.1,25.3,25.7,23.6,20.5,18.5
2023-06-03T07:00:00Z,24.1,24.2,24.7,25,25.2,25.7,23.6,20.5,18.5
2023-06-03T08:00:00Z,25.1,24.3,24.7,24.9,25.1,25.6,23.6,20.5,18.5
2023-06-03T09:00:00Z,27,24.3,24.7,24.8,25,25.6,23.6,20.5,18.5
2023-06-03T10:00:00Z,29.7,24.7,24.7,24.8,24.9,25.6,23.7,20.5,18.5
2023-06-03T11:00:00Z,34.8,25.4,24.9,24.8,24.9,25.5,23.7,20.5,18.5
2023-06-03T12:00:00Z,37.9,26.2,25.3,25,24.9,25.5,23.7,20.5,18.5
2023-06-03T13:00:00Z,44.8,27.7,25.8,25.2,24.9,25.5,23.7,20.5,18.5
2023-06-03T14:00:00Z,35.7,27.4,26.3,25.5,25,25.5,23.7,20.5,18.5
2023-06-03T15:00:00Z,33.5,27.4,26.5,25.7,25.2,25.4,23.7,20.5,18.5
2023-06-03T16:00:00Z,35.9,27.4,26.5,25.9,25.3,25.4,23.7,20.5,18.5
2023-06-03T17:00:00Z,29.7,27.2,26.6,26,25.4,25.5,23.7,20.5,18.5
2023-06-03T18:00:00Z,27,26.7,26.5,26.1,25.5,25.5,23.7,20.5,18.5
2023-06-03T19:00:00Z,25.6,26.4,26.4,26.1,25.6,25.5,23.7,20.5,18.5
2023-06-03T20:00:00Z,24.6,26,26.2,26,25.6,25.5,23.7,20.5,18.5
2023-06-03T21:00:00Z,23.3,25.7,26,25.9,25.6,25.5,23.7,20.5,18.5
2023-06-03T22:00:00Z,23.4,25.3,25.7,25.7,25.5,25.5,23.7,20.5,18.5
2023-06-03T23:00:00Z,23.6,25.1,25.6,25.6,25.4,25.6,23.7,20.5,18.5
2023-06-04T00:00:00Z,23,24.9,25.4,25.5,25.4,25.6,23.7,20.6,18.5
2023-06-04T01:00:00Z,22.5,24.7,25.2,25.3,25.3,25.5,23.7,20.6,18.5
2023-06-04T02:00:00Z,22.2,24.5,25,25.2,25.2,25.5,23.7,20.6,18.5
2023-06-04T03:00:00Z,22.5,24.3,24.9,25.1,25.1,25.5,23.7,20.6,18.5
2023-06-04T04:00:00Z,22.4,24.2,24.7,25,25,25.5,23.7,20.6,18.5
2023-06-04T05:00:00Z,21.6,24,24.6,24.8,25,25.5,23.7,20.6,18.5
2023-06-04T06:00:00Z,22.9,23.9,24.5,24.7,24.9,25.4,23.7,20.6,18.5
2023-06-04T07:00:00Z,23.7,23.9,24.4,24.6,24.8,25.4,23.7,20.6,18.5
2023-06-04T08:00:00Z,25.7,24.1,24.4,24.5,24.7,25.3,23.7,20.6,18.5
2023-06-04T09:00:00Z,33.8,24.6,24.4,24.5,24.6,25.3,23.7,20.6,18.5
2023-06-04T10:00:00Z,43.2,25.7,24.7,24.5,24.6,25.3,23.7,20.6,18.5
2023-06-04T11:00:00Z,49.3,27.5,25.4,24.8,24.6,25.3,23.7,20.6,18.5
2023-06-04T12:00:00Z,53.6,29.2,26.3,25.2,24.7,25.2,23.7,20.6,18.5
2023-06-04T13:00:00Z,53,30.5,27.3,25.8,25,25.2,23.7,20.6,18.5
2023-06-04T14:00:00Z,43.4,30.6,28,26.4,25.3,25.3,23.7,20.6,18.5
2023-06-04T15:00:00Z,40.9,30.1,28.3,26.8,25.6,25.3,23.7,20.6,18.5
2023-06-04T16:00:00Z,40.8,29.9,28.4,27.1,25.9,25.3,23.7,20.6,18.6
2023-06-04T17:00:00Z,31,29.4,28.4,27.3,26.1,25.4,23.7,20.6,18.6
2023-06-04T18:00:00Z,26.7,28.5,28.1,27.3,26.2,25.5,23.7,20.6,18.6
2023-06-04T19:00:00Z,24.7,27.7,27.8,27.2,26.3,25.6,23.7,20.6,18.6
2023-06-04T20:00:00Z,24,27.1,27.4,27.1,26.3,25.6,23.7,20.6,18.5
2023-06-04T21:00:00Z,23.4,26.6,27,26.9,26.3,25.7,23.7,20.6,18.5
2023-06-04T22:00:00Z,22.7,26.2,26.7,26.6,26.2,25.7,23.7,20.6,18.5
2023-06-04T23:00:00Z,22.7,25.9,26.4,26.4,26.1,25.8,23.7,20.7,18.5
2023-06-05T00:00:00Z,22.6,25.5,26.1,26.3,26,25.8,23.7,20.7,18.5
2023-06-05T01:00:00Z,22.4,25.3,25.9,26.1,25.9,25.8,23.7,20.7,18.6
2023-06-05T02:00:00Z,22,25,25.7,25.9,25.8,25.8,23.7,20.7,18.6
2023-06-05T03:00:00Z,21.8,24.8,25.5,25.7,25.7,25.8,23.7,20.7,18.6
2023-06-05T04:00:00Z,21.3,24.6,25.3,25.5,25.6,25.8,23.7,20.7,18.6
2023-06-05T05:00:00Z,20.3,24.3,25.1,25.4,25.4,25.8,23.7,20.7,18.6
2023-06-05T06:00:00Z,20.4,24.1,24.9,25.2,25.3,25.8,23.7,20.7,18.6
2023-06-05T07:00:00Z,20.7,24,24.7,25,25.2,25.7,23.7,20.7,18.6
2023-06-05T08:00:00Z,22,23.9,24.5,24.9,25.1,25.7,23.7,20.7,18.6
2023-06-05T09:00:00Z,25.8,24.1,24.5,24.8,25,25.6,23.7,20.7,18.6
2023-06-05T10:00:00Z,26.3,24.3,24.5,24.7,24.9,25.6,23.7,20.7,18.6
2023-06-05T11:00:00Z,32.1,25,24.6,24.7,24.8,25.5,23.8,20.7,18.6
2023-06-05T12:00:00Z,34.3,26.3,25.1,24.8,24.8,25.5,23.8,20.7,18.6
2023-06-05T13:00:00Z,29.1,26.1,25.4,25,24.8,25.5,23.8,20.7,18.6
2023-06-05T14:00:00Z,25.1,25.5,25.4,25.1,24.9,25.4,23.8,20.7,18.6
2023-06-05T15:00:00Z,24.2,25.1,25.3,25.1,24.9,25.4,23.8,20.7,18.6
2023-06-05T16:00:00Z,25.9,25,25.1,25.1,24.9,25.4,23.8,20.7,18.6
2023-06-05T17:00:00Z,26.3,24.9,25.1,25,24.9,25.4,23.8,20.7,18.6
2023-06-05T18:00:00Z,24.3,24.8,25,25,24.9,25.4,23.8,20.7,18.6
2023-06-05T19:00:00Z,22.7,24.5,24.9,24.9,24.9,25.4,23.8,20.7,18.6
2023-06-05T20:00:00Z,21.2,24.3,24.7,24.8,24.8,25.4,23.8,20.7,18.6
2023-06-05T21:00:00Z,21.5,24.1,24.6,24.7,24.8,25.3,23.8,20.7,18.6
2023-06-05T22:00:00Z,21.1,23.9,24.4,24.6,24.7,25.3,23.8,20.7,18.6
2023-06-05T23:00:00Z,21.1,23.7,24.3,24.5,24.6,25.3,23.8,20.8,18.6
2023-06-06T00:00:00Z,20.8,23.6,24.2,24.4,24.6,25.3,23.8,20.8,18.6
2023-06-06T01:00:00Z,20.9,23.4,24,24.3,24.5,25.2,23.8,20.8,18.6
2023-06-06T02:00:00Z,20.8,23.3,23.9,24.2,24.4,25.2,23.8,20.8,18.6
2023-06-06T03:00:00Z,20.6,23.2,23.8,24.1,24.3,25.2,23.8,20.8,18.6
2023-06-06T04:00:00Z,20.6,23,23.7,24,24.2,25.1,23.8,20.8,18.6
2023-06-06T05:00:00Z,20.7,22.8,23.5,23.9,24.2,25.1,23.8,20.8,18.6
2023-06-06T06:00:00Z,21.2,22.8,23.4,23.8,24.1,25,23.8,20.8,18.6
2023-06-06T07:00:00Z,21.6,22.9,23.4,23.7,24,25,23.8,20.8,18.6
2023-06-06T08:00:00Z,22.4,23.1,23.4,23.6,23.9,25,23.8,20.8,18.6
2023-06-06T09:00:00Z,24,23.2,23.4,23.6,23.9,24.9,23.8,20.8,18.6
2023-06-06T10:00:00Z,25.2,23.5,23.5,23.6,23.8,24.9,23.8,20.8,18.6
2023-06-06T11:00:00Z,29.5,24.2,23.7,23.7,23.8,24.8,23.8,20.8,18.6
2023-06-06T12:00:00Z,36,25.3,24.1,23.8,23.8,24.8,23.8,20.8,18.6
2023-06-06T13:00:00Z,41.3,26.4,24.8,24.1,23.9,24.8,23.7,20.8,18.6
2023-06-06T14:00:00Z,38.1,27.3,25.4,24.5,24,24.7,23.7,20.8,18.6
2023-06-06T15:00:00Z,38.5,27.2,25.8,24.8,24.2,24.7,23.7,20.8,18.6
2023-06-06T16:00:00Z,41.8,27.2,26,25.1,24.4,24.8,23.7,20.8,18.6
2023-06-06T17:00:00Z,32.7,27.5,26.2,25.3,24.6,24.8,23.7,20.8,18.6
2023-06-06T18:00:00Z,26.6,26.5,26.2,25.5,24.8,24.8,23.7,20.8,18.6
2023-06-06T19:00:00Z,24,25.9,25.9,25.5,24.9,24.8,23.7,20.8,18.6
2023-06-06T20:00:00Z,22,25.3,25.6,25.4,24.9,24.9,23.7,20.8,18.6
2023-06-06T21:00:00Z,21.2,24.8,25.3,25.2,24.9,24.9,23.7,20.8,18.6
2023-06-06T22:00:00Z,20.8,24.4,25,25.1,24.8,24.9,23.7,20.8,18.6
2023-06-06T23:00:00Z,20.4,24,24.7,24.9,24.8,25,23.7,20.8,18.6
2023-06-07T00:00:00Z,20.2,23.7,24.5,24.7,24.7,25,23.7,20.8,18.6
2023-06-07T01:00:00Z,20,23.5,24.2,24.5,24.6,25,23.7,20.8,18.6
2023-06-07T02:00:00Z,19.9,23.3,24,24.3,24.5,25,23.7,20.9,18.6
2023-06-07T03:00:00Z,19.8,23.1,23.8,24.2,24.4,25,23.6,20.9,18.6
2023-06-07T04:00:00Z,19.8,22.9,23.7,24,24.3,24.9,23.6,20.9,18.6
2023-06-07T05:00:00Z,20.7,22.8,23.5,23.9,24.2,24.9,23.6,20.9,18.6
2023-06-07T06:00:00Z,21.4,22.8,23.4,23.8,24.1,24.9,23.6,20.9,18.6
2023-06-07T07:00:00Z,24.9,23.1,23.4,23.7,24,24.8,23.6,20.9,18.6
2023-06-07T08:00:00Z,26.5,23.7,23.5,23.7,23.9,24.8,23.6,20.9,18.6
2023-06-07T09:00:00Z,29.1,24.1,23.8,23.7,23.9,24.7,23.6,20.9,18.6
2023-06-07T10:00:00Z,26.6,24.2,24,23.8,23.9,24.7,23.6,20.9,18.6
2023-06-07T11:00:00Z,30.6,24.4,24.1,23.9,23.9,24.7,23.6,20.9,18.6
2023-06-07T12:00:00Z,40.9,25.2,24.3,24,23.9,24.6,23.6,20.9,18.7
2023-06-07T13:00:00Z,51.8,27,24.9,24.2,24,24.6,23.6,20.9,18.7
2023-06-07T14:00:00Z,42.3,27.7,25.7,24.6,24.1,24.6,23.6,20.9,18.7
2023-06-07T15:00:00Z,40.6,27.8,26.1,25,24.3,24.6,23.6,20.9,18.7
2023-06-07T16:00:00Z,37.4,27.9,26.4,25.3,24.5,24.7,23.6,20.9,18.7
2023-06-07T17:00:00Z,33.8,27.7,26.5,25.6,24.7,24.7,23.6,20.9,18.7
2023-06-07T18:00:00Z,29.7,27.2,26.5,25.7,24.9,24.7,23.6,20.9,18.7
2023-06-07T19:00:00Z,26.6,26.7,26.4,25.8,25,24.8,23.6,20.9,18.7
2023-06-07T20:00:00Z,24.9,26.2,26.1,25.7,25.1,24.8,23.6,20.9,18.7
2023-06-07T21:00:00Z,23.6,25.8,25.9,25.6,25.1,24.9,23.6,20.9,18.7
2023-06-07T22:00:00Z,23.6,25.4,25.7,25.5,25.1,24.9,23.6,20.9,18.7
2023-06-07T23:00:00Z,23.9,25.3,25.5,25.4,25.1,25,23.6,20.9,18.7
2023-06-08T00:00:00Z,23.7,25.1,25.3,25.3,25,25,23.6,20.9,18.7
2023-06-08T01:00:00Z,23,24.9,25.2,25.2,25,25,23.6,20.9,18.7
2023-06-08T02:00:00Z,22.3,24.7,25,25,24.9,25,23.5,20.9,18.7
2023-06-08T03:00:00Z,21.7,24.4,24.8,24.9,24.8,25,23.5,20.9,18.7
2023-06-08T04:00:00Z,21.6,24.1,24.6,24.8,24.8,25,23.5,20.9,18.7
2023-06-08T05:00:00Z,20.8,23.9,24.5,24.7,24.7,25,23.5,20.9,18.7
2023-06-08T06:00:00Z,21.7,23.7,24.3,24.5,24.6,25,23.5,20.9,18.7
2023-06-08T07:00:00Z,23.4,23.8,24.2,24.4,24.5,25,23.5,20.9,18.7
2023-06-08T08:00:00Z,25.5,24,24.2,24.3,24.4,25,23.6,20.9,18.7
2023-06-08T09:00:00Z,40.7,25.4,24.4,24.3,24.4,24.9,23.6,20.9,18.7
2023-06-08T10:00:00Z,51.2,27.3,25.2,24.5,24.4,24.9,23.6,20.9,18.7
2023-06-08T11:00:00Z,56.8,29.3,26.2,25,24.5,24.9,23.6,21,18.7
2023-06-08T12:00:00Z,61.1,31,27.3,25.6,24.7,24.9,23.6,21,18.7
2023-06-08T13:00:00Z,55.7,32.4,28.5,26.4,25.1,24.9,23.6,21,18.7
2023-06-08T14:00:00Z,44.2,32.2,29.2,27,25.4,25,23.6,21,18.7
2023-06-08T15:00:00Z,40.9,31.2,29.3,27.5,25.8,25.1,23.6,21,18.7
2023-06-08T16:00:00Z,42.9,30.7,29.2,27.7,26.2,25.1,23.6,21,18.7
2023-06-08T17:00:00Z,34.5,30.4,29.2,27.8,26.4,25.2,23.6,21,18.7
2023-06-08T18:00:00Z,31.9,29.7,28.9,27.9,26.5,25.3,23.6,21,18.7
2023-06-08T19:00:00Z,28.7,29.1,28.7,27.8,26.6,25.4,23.6,21,18.7
2023-06-08T20:00:00Z,27,28.5,28.3,27.7,26.7,25.5,23.6,21,18.7
2023-06-08T21:00:00Z,26.2,28.1,28,27.5,26.7,25.6,23.6,21,18.7
2023-06-08T22:00:00Z,25.6,27.7,27.7,27.4,26.6,25.7,23.6,21,18.7
2023-06-08T23:00:00Z,24.9,27.3,27.5,27.2,26.6,25.8,23.6,21,18.7
2023-06-09T00:00:00Z,24,26.9,27.2,27,26.5,25.8,23.6,21,18.7
2023-06-09T01:00:00Z,23.7,26.5,26.9,26.8,26.4,25.8,23.6,21,18.7
2023-06-09T02:00:00Z,23.6,26.3,26.7,26.6,26.3,25.9,23.6,21,18.7
2023-06-09T03:00:00Z,22.9,26,26.4,26.5,26.2,25.9,23.6,21,18.7
2023-06-09T04:00:00Z,22.9,25.7,26.2,26.3,26.1,25.9,23.6,21,18.7
2023-06-09T05:00:00Z,22.4,25.4,26,26.1,26,25.9,23.6,21,18.7
2023-06-09T06:00:00Z,23.3,25.2,25.8,25.9,25.8,25.9,23.6,21,18.7
2023-06-09T07:00:00Z,26.2,25.4,25.6,25.8,25.7,25.8,23.6,21,18.7
2023-06-09T08:00:00Z,29.1,25.8,25.7,25.7,25.6,25.8,23.7,21,18.7
2023-06-09T09:00:00Z,45.3,27.2,26,25.7,25.6,25.8,23.7,21,18.7
2023-06-09T10:00:00Z,54.1,29,26.7,25.9,25.6,25.8,23.7,21,18.7
2023-06-09T11:00:00Z,56.5,30.8,27.7,26.4,25.7,25.8,23.7,21,18.7
2023-06-09T12:00:00Z,60.3,32.4,28.8,27,25.9,25.8,23.7,21,18.7
2023-06-09T13:00:00Z,54.3,33.6,29.8,27.7,26.2,25.8,23.7,21,18.7
2023-06-09T14:00:00Z,44.8,33.2,30.4,28.3,26.6,25.8,23.7,21,18.7
2023-06-09T15:00:00Z,41.3,32.3,30.4,28.7,27,25.9,23.8,21,18.7
2023-06-09T16:00:00Z,46.7,31.9,30.4,28.9,27.3,26,23.8,21,18.7
2023-06-09T17:00:00Z,37.4,31.8,30.4,29,27.5,26.1,23.8,21,18.7
2023-06-09T18:00:00Z,32.7,30.9,30.1,29,27.6,26.2,23.8,21,18.7
2023-06-09T19:00:00Z,29.4,30.2,29.8,28.9,27.7,26.3,23.8,21,18.7
2023-06-09T20:00:00Z,27.3,29.5,29.4,28.8,27.7,26.4,23.8,21,18.7
2023-06-09T21:00:00Z,25.9,28.9,29.1,28.6,27.7,26.5,23.8,21,18.7
2023-06-09T22:00:00Z,25.7,28.5,28.7,28.4,27.6,26.5,23.8,21,18.7
2023-06-09T23:00:00Z,25.2,28.1,28.4,28.2,27.5,26.6,23.8,21,18.7
2023-06-10T00:00:00Z,24.5,27.7,28.1,28,27.4,26.6,23.8,21,18.7
2023-06-10T01:00:00Z,24.3,27.4,27.8,27.7,27.3,26.7,23.8,21,18.7
2023-06-10T02:00:00Z,24.5,27.1,27.5,27.5,27.2,26.7,23.9,21,18.7
2023-06-10T03:00:00Z,24.2,26.9,27.3,27.3,27.1,26.7,23.9,21,18.7
2023-06-10T04:00:00Z,23.8,26.6,27.1,27.2,26.9,26.7,23.9,21,18.8
2023-06-10T05:00:00Z,23.6,26.4,26.9,27,26.8,26.7,23.9,21,18.8
2023-06-10T06:00:00Z,24.3,26.2,26.7,26.8,26.7,26.6,23.9,21,18.8
2023-06-10T07:00:00Z,26.8,26.3,26.6,26.7,26.6,26.6,23.9,21,18.8
2023-06-10T08:00:00Z,29.7,26.7,26.6,26.6,26.5,26.6,24,21,18.8
2023-06-10T09:00:00Z,46.6,28,26.9,26.6,26.4,26.6,24,21.1,18.8
2023-06-10T10:00:00Z,55.9,29.8,27.6,26.8,26.4,26.5,24,21.1,18.8
2023-06-10T11:00:00Z,59.9,31.7,28.6,27.2,26.5,26.5,24,21.1,18.8
2023-06-10T12:00:00Z,62.3,33.4,29.7,27.8,26.7,26.5,24,21.1,18.8
2023-06-10T13:00:00Z,56.7,34.7,30.7,28.5,27,26.5,24.1,21.1,18.8
2023-06-10T14:00:00Z,45.1,34.4,31.4,29.2,27.4,26.6,24.1,21.1,18.8
2023-06-10T15:00:00Z,43.8,33.2,31.4,29.6,27.8,26.6,24.1,21.1,18.8
2023-06-10T16:00:00Z,47.9,33,31.3,29.8,28.1,26.7,24.1,21.1,18.8
2023-06-10T17:00:00Z,39.3,32.8,31.3,29.9,28.3,26.8,24.1,21.1,18.8
2023-06-10T18:00:00Z,34,31.8,31.1,29.9,28.4,26.9,24.1,21.1,18.8
2023-06-10T19:00:00Z,30.1,31.1,30.7,29.8,28.5,27,24.1,21.1,18.8
2023-06-10T20:00:00Z,27.5,30.3,30.3,29.6,28.5,27.1,24.1,21.1,18.8
2023-06-10T21:00:00Z,27.1,29.8,29.9,29.4,28.5,27.2,24.2,21.1,18.8
2023-06-10T22:00:00Z,26.9,29.4,29.5,29.2,28.4,27.3,24.2,21.1,18.8
2023-06-10T23:00:00Z,26.8,29,29.2,29,28.3,27.3,24.2,21.1,18.8
2023-06-11T00:00:00Z,26.4,28.7,29,28.8,28.2,27.4,24.2,21.1,18.8
2023-06-11T01:00:00Z,26.4,28.5,28.7,28.6,28.1,27.4,24.2,21.1,18.8
2023-06-11T02:00:00Z,26.4,28.3,28.5,28.4,28,27.4,24.2,21.1,18.8
2023-06-11T03:00:00Z,26,28,28.3,28.2,27.9,27.4,24.3,21.1,18.8
2023-06-11T04:00:00Z,25.9,27.8,28.1,28.1,27.8,27.4,24.3,21.1,18.8
2023-06-11T05:00:00Z,25.6,27.6,27.9,27.9,27.7,27.4,24.3,21.1,18.8
2023-06-11T06:00:00Z,26.4,27.5,27.8,27.8,27.6,27.4,24.3,21.1,18.8
2023-06-11T07:00:00Z,28,27.6,27.7,27.6,27.4,27.3,24.3,21.1,18.8
2023-06-11T08:00:00Z,34.2,27.9,27.7,27.6,27.4,27.3,24.4,21.1,18.8
2023-06-11T09:00:00Z,40.3,28.7,27.9,27.6,27.3,27.3,24.4,21.1,18.8
2023-06-11T10:00:00Z,45.8,29.3,28.3,27.7,27.3,27.3,24.4,21.1,18.8
2023-06-11T11:00:00Z,51.2,30.5,28.7,27.9,27.3,27.3,24.4,21.1,18.8
2023-06-11T12:00:00Z,39.7,30.7,29.2,28.2,27.4,27.2,24.4,21.1,18.8
2023-06-11T13:00:00Z,39.9,30.6,29.4,28.4,27.5,27.2,24.4,21.1,18.8
2023-06-11T14:00:00Z,39.1,30.7,29.5,28.6,27.7,27.2,24.5,21.1,18.8
2023-06-11T15:00:00Z,34.9,30.5,29.6,28.7,27.8,27.3,24.5,21.1,18.8
2023-06-11T16:00:00Z,30.5,29.8,29.4,28.7,27.9,27.3,24.5,21.1,18.8
2023-06-11T17:00:00Z,28.9,29.3,29.1,28.7,27.9,27.3,24.5,21.1,18.8
2023-06-11T18:00:00Z,30.7,29.1,28.9,28.5,27.9,27.3,24.5,21.1,18.8
2023-06-11T19:00:00Z,28.4,28.9,28.8,28.4,27.9,27.3,24.5,21.1,18.8
2023-06-11T20:00:00Z,27.2,28.4,28.6,28.3,27.8,27.4,24.6,21.2,18.8
2023-06-11T21:00:00Z,26.1,27.8,28.3,28.2,27.7,27.4,24.6,21.2,18.8
2023-06-11T22:00:00Z,25.8,27.5,28,28,27.7,27.4,24.6,21.2,18.8
2023-06-11T23:00:00Z,25.3,27.3,27.7,27.8,27.5,27.4,24.6,21.2,18.8
2023-06-12T00:00:00Z,24.7,27.1,27.5,27.6,27.4,27.3,24.6,21.2,18.8
2023-06-12T01:00:00Z,24.2,26.8,27.3,27.4,27.3,27.3,24.6,21.2,18.8
2023-06-12T02:00:00Z,24.2,26.6,27.1,27.3,27.2,27.3,24.6,21.2,18.8
2023-06-12T03:00:00Z,23.1,26.4,27,27.1,27.1,27.2,24.6,21.2,18.8
2023-06-12T04:00:00Z,23,26.1,26.8,27,27,27.2,24.6,21.2,18.8
2023-06-12T05:00:00Z,23.3,26,26.6,26.8,26.9,27.2,24.7,21.2,18.8
2023-06-12T06:00:00Z,24.2,25.9,26.4,26.7,26.8,27.1,24.7,21.2,18.8
2023-06-12T07:00:00Z,27.7,26.1,26.4,26.6,26.7,27.1,24.7,21.2,18.8
2023-06-12T08:00:00Z,32.8,26.5,26.4,26.5,26.6,27,24.7,21.2,18.8
2023-06-12T09:00:00Z,38.6,27.3,26.7,26.5,26.5,27,24.7,21.2,18.8
2023-06-12T10:00:00Z,49.1,28.6,27.1,26.7,26.5,26.9,24.7,21.2,18.8
2023-06-12T11:00:00Z,52.1,30.1,27.9,27,26.6,26.9,24.7,21.2,18.8
2023-06-12T12:00:00Z,38,30.6,28.6,27.4,26.7,26.9,24.7,21.2,18.9
2023-06-12T13:00:00Z,36.2,29.7,28.7,27.8,26.9,26.9,24.7,21.2,18.9
2023-06-12T14:00:00Z,39.1,30,28.8,27.9,27.1,26.9,24.7,21.2,18.9
2023-06-12T15:00:00Z,38.7,30,28.9,28.1,27.2,26.9,24.7,21.2,18.9
2023-06-12T16:00:00Z,41.2,30.2,29,28.2,27.3,26.9,24.7,21.2,18.9
2023-06-12T17:00:00Z,35.9,30.1,29.1,28.3,27.4,27,24.8,21.2,18.9
2023-06-12T18:00:00Z,32.4,29.5,29,28.3,27.5,27,24.8,21.2,18.9
2023-06-12T19:00:00Z,28.8,29.1,28.8,28.3,27.6,27,24.8,21.2,18.9
2023-06-12T20:00:00Z,25.7,28.5,28.6,28.2,27.6,27.1,24.8,21.3,18.9
2023-06-12T21:00:00Z,25.1,28,28.3,28.1,27.5,27.1,24.8,21.3,18.9
2023-06-12T22:00:00Z,25.4,27.7,28,27.9,27.5,27.1,24.8,21.3,18.9
2023-06-12T23:00:00Z,25.8,27.5,27.8,27.7,27.4,27.1,24.8,21.3,18.9
2023-06-13T00:00:00Z,25.5,27.4,27.6,27.6,27.3,27.2,24.8,21.3,18.9
2023-06-13T01:00:00Z,25.4,27.2,27.5,27.5,27.2,27.1,24.8,21.3,18.9
2023-06-13T02:00:00Z,24.6,27,27.3,27.3,27.2,27.1,24.8,21.3,18.9
2023-06-13T03:00:00Z,22.5,24,24.8,25.4,25.9,27.1,24.8,21.3,18.9
2023-06-13T04:00:00Z,22.7,24.4,25,25.5,25.9,27.1,24.8,21.3,18.9
2023-06-13T05:00:00Z,22.2,24.5,25.1,25.6,25.9,27,24.8,21.3,18.9
2023-06-13T06:00:00Z,22.6,24.5,25.1,25.6,25.9,27,24.8,21.3,18.9
2023-06-13T07:00:00Z,22.9,24.6,25.1,25.6,25.9,26.9,24.8,21.3,18.9
2023-06-13T08:00:00Z,24.8,24.9,25.2,25.5,25.8,26.9,24.8,21.3,18.9
2023-06-13T09:00:00Z,23.7,25.1,25.3,25.5,25.8,26.8,24.8,21.3,18.9
2023-06-13T10:00:00Z,24.2,25.1,25.3,25.6,25.8,26.7,24.8,21.3,18.9
2023-06-13T11:00:00Z,25.3,25.2,25.4,25.6,25.7,26.7,24.8,21.3,18.9
2023-06-13T12:00:00Z,29.4,25.9,25.5,25.6,25.7,26.6,24.8,21.3,18.9
2023-06-13T13:00:00Z,40.3,27.4,26,25.7,25.7,26.6,24.8,21.3,18.9
2023-06-13T14:00:00Z,37.9,28.7,26.8,26,25.8,26.5,24.8,21.3,18.9
2023-06-13T15:00:00Z,36.5,28.4,27.3,26.4,25.9,26.5,24.8,21.3,18.9
2023-06-13T16:00:00Z,40.9,28.4,27.5,26.7,26.1,26.5,24.8,21.3,18.9
2023-06-13T17:00:00Z,33.1,28.8,27.7,26.9,26.3,26.5,24.8,21.3,18.9
2023-06-13T18:00:00Z,28.3,27.9,27.6,27,26.4,26.5,24.8,21.4,18.9
2023-06-13T19:00:00Z,25.5,27.4,27.4,27,26.5,26.5,24.8,21.4,18.9
2023-06-13T20:00:00Z,23.8,26.8,27.2,27,26.6,26.6,24.8,21.4,18.9
2023-06-13T21:00:00Z,23.3,26.4,26.9,26.8,26.6,26.6,24.8,21.4,18.9
2023-06-13T22:00:00Z,22.9,26,26.6,26.7,26.5,26.6,24.8,21.4,18.9
2023-06-13T23:00:00Z,22.8,25.7,26.4,26.5,26.4,26.6,24.8,21.4,18.9
2023-06-14T00:00:00Z,22.7,25.4,26.1,26.3,26.3,26.6,24.8,21.4,18.9
2023-06-14T01:00:00Z,22.4,25.2,25.9,26.2,26.3,26.6,24.8,21.4,18.9
2023-06-14T02:00:00Z,22.1,25,25.7,26,26.1,26.6,24.8,21.4,18.9
2023-06-14T03:00:00Z,21.8,24.8,25.5,25.9,26,26.6,24.8,21.4,18.9
2023-06-14T04:00:00Z,21.5,24.5,25.4,25.7,25.9,26.5,24.8,21.4,18.9
2023-06-14T05:00:00Z,21.3,24.3,25.2,25.6,25.8,26.5,24.8,21.4,18.9
2023-06-14T06:00:00Z,21.9,24.2,25,25.4,25.7,26.5,24.8,21.4,18.9
2023-06-14T07:00:00Z,24.1,24.4,24.9,25.3,25.6,26.4,24.8,21.4,18.9
2023-06-14T08:00:00Z,27.3,24.9,25,25.2,25.5,26.4,24.8,21.4,18.9
2023-06-14T09:00:00Z,40.8,26.2,25.3,25.2,25.4,26.3,24.8,21.4,18.9
2023-06-14T10:00:00Z,37.2,27.2,25.9,25.5,25.4,26.3,24.8,21.4,18.9
2023-06-14T11:00:00Z,56,28.6,26.5,25.8,25.5,26.3,24.8,21.4,18.9
2023-06-14T12:00:00Z,58.5,30.4,27.4,26.2,25.7,26.2,24.8,21.4,18.9
2023-06-14T13:00:00Z,51,31.9,28.5,26.8,25.9,26.2,24.8,21.5,18.9
2023-06-14T14:00:00Z,43.1,31.8,29.2,27.5,26.3,26.3,24.8,21.5,18.9
2023-06-14T15:00:00Z,39.7,30.8,29.3,27.9,26.6,26.3,24.8,21.5,18.9
2023-06-14T16:00:00Z,42.2,30.4,29.3,28.1,26.9,26.4,24.8,21.5,18.9
2023-06-14T17:00:00Z,34.8,30.1,29.2,28.2,27.1,26.4,24.8,21.5,18.9
2023-06-14T18:00:00Z,31.3,29.5,29,28.2,27.2,26.5,24.8,21.5,18.9
2023-06-14T19:00:00Z,27.5,28.8,28.8,28.2,27.3,26.6,24.8,21.5,18.9
2023-06-14T20:00:00Z,25.4,28.3,28.4,28,27.3,26.7,24.8,21.5,18.9
2023-06-14T21:00:00Z,24.6,27.7,28.1,27.9,27.3,26.7,24.8,21.5,18.9
2023-06-14T22:00:00Z,24.4,27.3,27.8,27.7,27.2,26.8,24.8,21.5,18.9
2023-06-14T23:00:00Z,23.8,26.9,27.5,27.5,27.1,26.8,24.7,21.5,18.9
2023-06-15T00:00:00Z,23.3,26.6,27.2,27.3,27.1,26.9,24.7,21.5,18.9
2023-06-15T01:00:00Z,23.2,26.3,26.9,27.1,26.9,26.9,24.7,21.5,18.9
2023-06-15T02:00:00Z,23.6,26,26.7,26.9,26.8,26.9,24.7,21.5,18.9
2023-06-15T03:00:00Z,23.3,25.8,26.5,26.7,26.7,26.9,24.7,21.5,19
2023-06-15T04:00:00Z,23,25.6,26.3,26.5,26.6,26.8,24.7,21.5,18.9
2023-06-15T05:00:00Z,23.3,25.5,26.1,26.4,26.5,26.8,24.8,21.5,19
2023-06-15T06:00:00Z,24.2,25.4,26,26.2,26.4,26.8,24.8,21.5,19
2023-06-15T07:00:00Z,26.3,25.7,25.9,26.1,26.3,26.7,24.8,21.5,19
2023-06-15T08:00:00Z,27.7,25.9,26,26.1,26.2,26.7,24.8,21.5,19
2023-06-15T09:00:00Z,35.9,26.5,26.1,26.1,26.1,26.7,24.8,21.6,19
2023-06-15T10:00:00Z,44.2,27.6,26.5,26.2,26.1,26.6,24.8,21.6,19
2023-06-15T11:00:00Z,43.2,28.8,27.1,26.4,26.1,26.6,24.8,21.6,19
2023-06-15T12:00:00Z,39.3,29.1,27.6,26.7,26.2,26.6,24.8,21.6,19
2023-06-15T13:00:00Z,37.7,28.8,27.8,27,26.4,26.6,24.8,21.6,19
2023-06-15T14:00:00Z,36.8,28.9,27.9,27.2,26.5,26.6,24.8,21.6,19
2023-06-15T15:00:00Z,36.3,28.8,28,27.3,26.6,26.6,24.8,21.6,19
2023-06-15T16:00:00Z,34,28.8,28.1,27.4,26.7,26.6,24.8,21.6,19
2023-06-15T17:00:00Z,33.9,28.6,28.1,27.5,26.8,26.7,24.8,21.6,19
2023-06-15T18:00:00Z,30,28.3,28,27.5,26.9,26.7,24.8,21.6,19
2023-06-15T19:00:00Z,27.3,27.9,27.8,27.5,26.9,26.7,24.8,21.6,19
2023-06-15T20:00:00Z,26.7,27.4,27.6,27.4,26.9,26.7,24.8,21.6,19
2023-06-15T21:00:00Z,25.8,27.1,27.4,27.3,26.9,26.8,24.8,21.6,19
2023-06-15T22:00:00Z,25.9,26.8,27.2,27.1,26.8,26.8,24.8,21.6,19
2023-06-15T23:00:00Z,25.6,26.6,27,27,26.8,26.8,24.8,21.6,19
2023-06-16T00:00:00Z,25.6,26.4,26.8,26.9,26.7,26.8,24.8,21.6,19
2023-06-16T01:00:00Z,24.6,26.2,26.6,26.7,26.6,26.8,24.8,21.6,19
2023-06-16T02:00:00Z,24.6,26.1,26.5,26.6,26.5,26.8,24.8,21.6,19
2023-06-16T03:00:00Z,24.6,26,26.4,26.5,26.5,26.7,24.8,21.6,19
2023-06-16T04:00:00Z,24.3,25.9,26.3,26.4,26.4,26.7,24.8,21.6,19
2023-06-16T05:00:00Z,24.8,25.8,26.2,26.3,26.3,26.7,24.8,21.6,19
2023-06-16T06:00:00Z,23.9,25.7,26.1,26.2,26.2,26.7,24.8,21.6,19
2023-06-16T07:00:00Z,24.5,25.6,26,26.1,26.2,26.6,24.8,21.6,19
2023-06-16T08:00:00Z,25.1,25.7,25.9,26,26.1,26.6,24.8,21.6,19
2023-06-16T09:00:00Z,24.5,25.8,25.9,26,26,26.6,24.8,21.6,19
2023-06-16T10:00:00Z,28.1,26.1,26,26,26,26.5,24.9,21.7,19
2023-06-16T11:00:00Z,35.1,27.4,26.3,26,26,26.5,24.9,21.7,19
2023-06-16T12:00:00Z,32.8,27.4,26.7,26.2,26,26.5,24.9,21.7,19
2023-06-16T13:00:00Z,31,27.7,26.9,26.4,26.1,26.5,24.9,21.7,19
2023-06-16T14:00:00Z,35.8,27.7,27,26.5,26.1,26.4,24.9,21.7,19
2023-06-16T15:00:00Z,33.1,27.5,27.1,26.6,26.2,26.4,24.9,21.7,19
2023-06-16T16:00:00Z,30.8,27.5,27.1,26.7,26.3,26.4,24.9,21.7,19
2023-06-16T17:00:00Z,29.1,27.2,27.1,26.7,26.3,26.4,24.9,21.7,19
2023-06-16T18:00:00Z,28.2,27,27,26.7,26.4,26.4,24.9,21.7,19
2023-06-16T19:00:00Z,26.3,26.6,26.8,26.7,26.4,26.5,24.9,21.7,19
2023-06-16T20:00:00Z,23.2,26.2,26.6,26.6,26.3,26.5,24.8,21.7,19
2023-06-16T21:00:00Z,23.4,26,26.4,26.5,26.3,26.5,24.8,21.7,19
2023-06-16T22:00:00Z,23.4,25.7,26.2,26.3,26.2,26.5,24.8,21.7,19
2023-06-16T23:00:00Z,22.8,25.5,26,26.2,26.2,26.4,24.8,21.7,19
2023-06-17T00:00:00Z,22.7,25.3,25.9,26.1,26.1,26.4,24.8,21.7,19
2023-06-17T01:00:00Z,23,25,25.7,25.9,26,26.4,24.8,21.7,19
2023-06-17T02:00:00Z,23.1,24.9,25.5,25.8,25.9,26.4,24.8,21.7,19
2023-06-17T03:00:00Z,22.5,24.8,25.4,25.7,25.8,26.4,24.8,21.7,19
2023-06-17T04:00:00Z,22.4,24.7,25.3,25.5,25.7,26.3,24.8,21.7,19
2023-06-17T05:00:00Z,22.5,24.5,25.1,25.4,25.6,26.3,24.8,21.7,19
2023-06-17T06:00:00Z,22.3,24.4,25,25.3,25.6,26.3,24.8,21.7,19
2023-06-17T07:00:00Z,22.9,24.4,24.9,25.2,25.5,26.2,24.8,21.7,19
2023-06-17T08:00:00Z,23.2,24.4,24.9,25.1,25.4,26.2,24.8,21.7,19
2023-06-17T09:00:00Z,24.7,24.6,24.9,25.1,25.3,26.1,24.8,21.7,19
2023-06-17T10:00:00Z,22.9,24.5,24.9,25.1,25.3,26.1,24.8,21.7,19
2023-06-17T11:00:00Z,24,24.2,24.6,24.9,25.1,26,24.8,21.7,19
2023-06-17T12:00:00Z,24,24.5,24.7,24.8,25.1,26,24.8,21.7,19
2023-06-17T13:00:00Z,24.6,24.6,24.7,24.9,25,26,24.8,21.8,19.1
2023-06-17T14:00:00Z,25.3,25,24.8,24.9,25,25.9,24.8,21.8,19.1
2023-06-17T15:00:00Z,26.3,25.4,25,24.9,25,25.9,24.8,21.8,19.1
2023-06-17T16:00:00Z,27.1,25.8,25.3,25,25.1,25.9,24.8,21.8,19
2023-06-17T17:00:00Z,27.3,25.9,25.4,25.2,25.1,25.8,24.8,21.8,19
2023-06-17T18:00:00Z,25.5,25.8,25.5,25.3,25.2,25.8,24.8,21.8,19.1
2023-06-17T19:00:00Z,24.8,25.6,25.5,25.4,25.2,25.8,24.8,21.8,19.1
2023-06-17T20:00:00Z,24.6,25.4,25.5,25.4,25.2,25.8,24.8,21.8,19.1
2023-06-17T21:00:00Z,24.6,25.2,25.4,25.3,25.3,25.8,24.8,21.8,19.1
2023-06-17T22:00:00Z,24.5,25.1,25.3,25.3,25.3,25.8,24.8,21.8,19.1
2023-06-17T23:00:00Z,24.6,25.1,25.3,25.3,25.2,25.8,24.8,21.8,19.1
2023-06-18T00:00:00Z,24.4,25,25.2,25.2,25.2,25.8,24.8,21.8,19.1
2023-06-18T01:00:00Z,24.1,24.9,25.1,25.2,25.2,25.7,24.7,21.8,19.1
2023-06-18T02:00:00Z,24.2,24.9,25.1,25.1,25.2,25.7,24.7,21.8,19.1
2023-06-18T03:00:00Z,24.1,24.8,25,25.1,25.1,25.7,24.7,21.8,19.1
2023-06-18T04:00:00Z,24.3,24.7,25,25,25.1,25.7,24.7,21.8,19.1
2023-06-18T05:00:00Z,24,24.7,24.9,25,25.1,25.7,24.7,21.8,19.1
2023-06-18T06:00:00Z,24.4,24.7,24.9,25,25,25.7,24.7,21.8,19.1
2023-06-18T07:00:00Z,24.7,24.8,24.9,24.9,25,25.6,24.7,21.8,19.1
2023-06-18T08:00:00Z,25.5,25,24.9,24.9,25,25.6,24.7,21.8,19.1
2023-06-18T09:00:00Z,30.5,25.6,25.1,25,25,25.6,24.7,21.8,19.1
2023-06-18T10:00:00Z,34.9,27.1,25.5,25.1,25,25.6,24.7,21.8,19.1
2023-06-18T11:00:00Z,33,27.5,26.1,25.4,25.1,25.6,24.7,21.8,19.1
2023-06-18T12:00:00Z,39.4,28.4,26.5,25.7,25.2,25.6,24.7,21.8,19.1
2023-06-18T13:00:00Z,35.6,28.6,27,26,25.4,25.6,24.7,21.8,19.1
2023-06-18T14:00:00Z,35.9,28.7,27.3,26.3,25.6,25.6,24.6,21.8,19.1
2023-06-18T15:00:00Z,39.6,28.8,27.5,26.5,25.7,25.6,24.6,21.8,19.1
2023-06-18T16:00:00Z,30.1,28.6,27.6,26.7,25.9,25.7,24.6,21.8,19.1
2023-06-18T17:00:00Z,28.5,28.4,27.7,26.9,26.1,25.7,24.6,21.9,19.1
2023-06-18T18:00:00Z,28.2,28.2,27.6,26.9,26.2,25.8,24.6,21.9,19.1
2023-06-18T19:00:00Z,27,27.8,27.5,27,26.3,25.8,24.6,21.9,19.1
2023-06-18T20:00:00Z,26.9,27.5,27.4,26.9,26.4,25.9,24.6,21.9,19.1
2023-06-18T21:00:00Z,25.1,26.7,27.2,27.1,26.7,26.3,24.8,21.9,19.1
2023-06-18T22:00:00Z,25.7,26.5,26.8,26.9,26.7,26.1,24.7,21.9,19.1
2023-06-18T23:00:00Z,24.8,25.9,26.5,26.6,26.5,26.1,24.7,21.9,19.1
2023-06-19T00:00:00Z,24.8,25.7,26.1,26.4,26.4,26,24.7,21.9,19.1
2023-06-19T01:00:00Z,24.9,25.7,26,26.2,26.3,26,24.7,21.9,19.1
2023-06-19T02:00:00Z,24.9,25.6,25.9,26.1,26.2,26,24.7,21.9,19.1
2023-06-19T03:00:00Z,24.9,25.6,25.9,26,26.1,26,24.7,21.9,19.1
2023-06-19T04:00:00Z,25,25.5,25.7,25.9,26,26,24.7,21.9,19.1
2023-06-19T05:00:00Z,25,25.4,25.7,25.8,25.9,26,24.7,21.9,19.2
2023-06-19T06:00:00Z,24.7,25.4,25.6,25.8,25.8,25.9,24.7,21.9,19.2
2023-06-19T07:00:00Z,24.6,25.4,25.6,25.7,25.8,26,24.7,21.9,19.2
2023-06-19T08:00:00Z,24.7,25.4,25.6,25.7,25.7,26,24.8,21.9,19.2
2023-06-19T09:00:00Z,24.7,25.3,25.6,25.6,25.7,25.9,24.8,21.9,19.2
2023-06-19T10:00:00Z,27,25.6,25.5,25.6,25.7,25.9,24.9,21.9,19.2
2023-06-19T11:00:00Z,25.8,25.9,25.7,25.6,25.6,25.9,24.9,21.9,19.2
2023-06-19T12:00:00Z,26.7,26,25.8,25.7,25.6,25.9,24.9,21.9,19.2
2023-06-19T13:00:00Z,29.5,26.3,25.9,25.7,25.7,25.8,24.9,21.9,19.2
2023-06-19T14:00:00Z,34.3,27.1,26.1,25.8,25.7,25.8,24.9,21.9,19.2
2023-06-19T15:00:00Z,31.2,27.8,26.6,26,25.7,25.8,24.9,22,19.2
2023-06-19T16:00:00Z,31,27.8,26.8,26.2,25.8,25.8,24.9,22,19.2
2023-06-19T17:00:00Z,32.7,28.2,27,26.4,25.9,25.8,24.9,22,19.2
2023-06-19T18:00:00Z,28.1,27.7,27.1,26.5,26,25.8,24.9,22,19.2
2023-06-19T19:00:00Z,26.5,27.3,27,26.6,26.1,25.8,24.8,22,19.2
2023-06-19T20:00:00Z,25.5,26.8,26.9,26.6,26.2,25.8,24.8,22,19.2
2023-06-19T21:00:00Z,24.9,26.5,26.7,26.5,26.2,25.9,24.8,22,19.2
2023-06-19T22:00:00Z,24.7,26.2,26.5,26.4,26.2,25.9,24.8,22,19.2
2023-06-19T23:00:00Z,24.6,26.1,26.3,26.3,26.2,25.9,24.8,22,19.2
2023-06-20T00:00:00Z,24.1,25.8,26.2,26.2,26.1,25.9,24.8,22,19.2
2023-06-20T01:00:00Z,24.2,25.6,26,26.1,26.1,25.9,24.8,22,19.2
2023-06-20T02:00:00Z,24.3,25.5,25.9,26,26,25.9,24.8,22,19.2
2023-06-20T03:00:00Z,24.3,25.4,25.8,25.9,25.9,25.9,24.8,22,19.2
2023-06-20T04:00:00Z,24.2,25.4,25.7,25.8,25.9,25.9,24.8,22.1,19.2
2023-06-20T05:00:00Z,24,25.3,25.6,25.8,25.8,25.9,24.8,22.1,19.2
2023-06-20T06:00:00Z,24.6,25.2,25.5,25.7,25.7,25.9,24.8,22.1,19.2
2023-06-20T07:00:00Z,25.5,25.3,25.5,25.6,25.7,25.8,24.8,22.1,19.2
2023-06-20T08:00:00Z,29.8,25.8,25.6,25.6,25.6,25.8,24.8,22.1,19.2
2023-06-20T09:00:00Z,33.3,26.7,25.9,25.6,25.6,25.8,24.8,22.1,19.2
2023-06-20T10:00:00Z,35,27.3,26.3,25.8,25.6,25.8,24.8,22.1,19.2
2023-06-20T11:00:00Z,49.9,29.3,26.9,26.1,25.7,25.8,24.8,22.1,19.2
2023-06-20T12:00:00Z,35.5,29.6,27.6,26.5,25.9,25.8,24.8,22.1,19.2
2023-06-20T13:00:00Z,45.3,31.1,28.2,26.9,26.1,25.8,24.8,22.1,19.2
2023-06-20T14:00:00Z,41.9,30.8,28.8,27.4,26.3,25.9,24.8,22.1,19.2
2023-06-20T15:00:00Z,39.6,30.8,29,27.7,26.6,25.9,24.8,22.1,19.2
2023-06-20T16:00:00Z,40.5,30.9,29.2,28,26.8,26,24.8,22.1,19.2
2023-06-20T17:00:00Z,38.1,30.9,29.4,28.2,27,26,24.7,22.1,19.2
2023-06-20T18:00:00Z,31.3,30.1,29.3,28.3,27.2,26.1,24.7,22.1,19.2
2023-06-20T19:00:00Z,28.5,29.5,29.1,28.3,27.3,26.2,24.7,22.1,19.2
2023-06-20T20:00:00Z,27,28.8,28.8,28.2,27.4,26.3,24.7,22.1,19.2
2023-06-20T21:00:00Z,26.6,28.4,28.5,28.1,27.4,26.3,24.7,22.1,19.2
2023-06-20T22:00:00Z,26.5,28,28.2,27.9,27.4,26.4,24.7,22.2,19.2
2023-06-20T23:00:00Z,25.9,27.7,28,27.8,27.3,26.5,24.7,22.2,19.2
2023-06-21T00:00:00Z,25.8,27.5,27.7,27.6,27.3,26.5,24.7,22.2,19.2
2023-06-21T01:00:00Z,25.6,27.2,27.5,27.5,27.2,26.5,24.7,22.2,19.2
2023-06-21T02:00:00Z,25.3,27,27.4,27.3,27.1,26.6,24.7,22.2,19.2
2023-06-21T03:00:00Z,25.7,26.8,27.2,27.2,27,26.6,24.7,22.2,19.2
2023-06-21T04:00:00Z,25.6,26.8,27.1,27.1,26.9,26.6,24.7,22.2,19.2
2023-06-21T05:00:00Z,25.6,26.6,26.9,27,26.8,26.6,24.7,22.2,19.2
2023-06-21T06:00:00Z,25.9,26.6,26.8,26.9,26.8,26.6,24.7,22.2,19.2
2023-06-21T07:00:00Z,27,26.7,26.8,26.8,26.7,26.6,24.8,22.2,19.2
2023-06-21T08:00:00Z,30,27.1,26.8,26.7,26.6,26.6,24.8,22.2,19.2
2023-06-21T09:00:00Z,37,28.2,27.1,26.8,26.6,26.5,24.8,22.2,19.2
2023-06-21T10:00:00Z,36.3,29.2,27.7,27,26.6,26.5,24.8,22.2,19.2
2023-06-21T11:00:00Z,44.7,30.1,28.2,27.3,26.7,26.5,24.8,22.2,19.2
2023-06-21T12:00:00Z,45.7,31.6,28.9,27.7,26.9,26.5,24.8,22.2,19.3
2023-06-21T13:00:00Z,45.9,32.2,29.6,28.1,27.1,26.6,24.8,22.2,19.3
2023-06-21T14:00:00Z,42.9,32.3,30.1,28.5,27.3,26.6,24.8,22.2,19.3
2023-06-21T15:00:00Z,37.1,31.8,30.3,28.9,27.6,26.6,24.8,22.2,19.3
2023-06-21T16:00:00Z,37.8,31.5,30.2,29,27.8,26.7,24.8,22.2,19.3
2023-06-21T17:00:00Z,34.3,31,30.1,29.1,28,26.8,24.9,22.2,19.3
2023-06-21T18:00:00Z,32.2,30.6,30,29.1,28.1,26.9,24.9,22.2,19.3
2023-06-21T19:00:00Z,29.7,30.1,29.8,29.1,28.1,26.9,24.9,22.2,19.3
2023-06-21T20:00:00Z,27.7,29.4,29.5,29,28.2,27,24.9,22.2,19.3
2023-06-21T21:00:00Z,27.1,29,29.2,28.8,28.1,27,24.9,22.2,19.3
2023-06-21T22:00:00Z,26.7,28.6,28.9,28.7,28.1,27.1,24.9,22.2,19.3
2023-06-21T23:00:00Z,26.6,28.3,28.6,28.5,28,27.1,24.9,22.2,19.3
2023-06-22T00:00:00Z,26.4,28.1,28.4,28.3,27.9,27.2,24.9,22.2,19.3
2023-06-22T01:00:00Z,26.3,27.9,28.2,28.1,27.8,27.2,24.9,22.3,19.3
2023-06-22T02:00:00Z,26.2,27.7,28,28,27.7,27.2,24.9,22.3,19.3
2023-06-22T03:00:00Z,26.1,27.5,27.8,27.8,27.6,27.2,24.9,22.3,19.3
2023-06-22T04:00:00Z,26,27.4,27.7,27.7,27.6,27.2,24.9,22.3,19.3
2023-06-22T05:00:00Z,26,27.2,27.6,27.6,27.5,27.2,25,22.3,19.3
2023-06-22T06:00:00Z,26,27.1,27.4,27.5,27.4,27.2,25,22.3,19.3
2023-06-22T07:00:00Z,26.2,27.1,27.3,27.4,27.3,27.1,25,22.3,19.3
2023-06-22T08:00:00Z,26.6,27.1,27.3,27.3,27.2,27.1,25,22.3,19.3
2023-06-22T09:00:00Z,26.3,27,27.2,27.2,27.2,27.1,25,22.3,19.3
2023-06-22T10:00:00Z,25.2,26.9,27.2,27.2,27.1,27.1,25,22.3,19.3
2023-06-22T11:00:00Z,26.2,26.7,27,27.1,27,27,25,22.3,19.3
2023-06-22T12:00:00Z,31.6,27.5,27,27,27,27,25.1,22.3,19.3
2023-06-22T13:00:00Z,30.5,28.1,27.4,27.1,26.9,27,25.1,22.3,19.3
2023-06-22T14:00:00Z,32.4,28.2,27.6,27.2,27,27,25.1,22.3,19.3
2023-06-22T15:00:00Z,30.7,28.3,27.8,27.3,27,27,25.1,22.3,19.3
2023-06-22T16:00:00Z,25.3,27.9,27.8,27.4,27,26.9,25.1,22.3,19.3
2023-06-22T17:00:00Z,24.5,27.4,27.6,27.4,27.1,26.9,25.1,22.3,19.3
2023-06-22T18:00:00Z,24,26.9,27.4,27.3,27.1,26.9,25.1,22.3,19.3
2023-06-22T19:00:00Z,22.9,26.5,27.1,27.2,27,26.9,25.1,22.3,19.3
2023-06-22T20:00:00Z,23.1,26.2,26.8,27,27,26.9,25.1,22.3,19.3
2023-06-22T21:00:00Z,22.8,25.9,26.6,26.9,26.9,26.9,25.1,22.3,19.3
2023-06-22T22:00:00Z,22.3,25.6,26.4,26.7,26.8,26.9,25.1,22.3,19.3
2023-06-22T23:00:00Z,22,25.3,26.2,26.5,26.7,26.9,25.2,22.3,19.3
2023-06-23T00:00:00Z,21.9,25,26,26.4,26.6,26.8,25.2,22.3,19.3
2023-06-23T01:00:00Z,22.4,24.9,25.7,26.2,26.4,26.8,25.2,22.3,19.3
2023-06-23T02:00:00Z,22.7,24.7,25.6,26,26.3,26.8,25.2,22.3,19.3
2023-06-23T03:00:00Z,23,24.7,25.4,25.9,26.2,26.7,25.2,22.3,19.3
2023-06-23T04:00:00Z,22.5,24.7,25.4,25.8,26.1,26.7,25.2,22.3,19.3
2023-06-23T05:00:00Z,22.8,24.6,25.3,25.7,26,26.6,25.2,22.3,19.3
2023-06-23T06:00:00Z,23.2,24.5,25.2,25.6,25.9,26.6,25.2,22.4,19.3
2023-06-23T07:00:00Z,24.6,24.7,25.1,25.5,25.8,26.5,25.2,22.4,19.3
2023-06-23T08:00:00Z,22.8,24.8,25.1,25.4,25.7,26.5,25.2,22.4,19.3
2023-06-23T09:00:00Z,24.9,25,25.2,25.4,25.7,26.4,25.2,22.4,19.3
2023-06-23T10:00:00Z,26.7,25.6,25.4,25.4,25.6,26.4,25.2,22.4,19.3
2023-06-23T11:00:00Z,27,26,25.6,25.5,25.6,26.3,25.2,22.4,19.3
2023-06-23T12:00:00Z,24.9,26,25.8,25.6,25.7,26.3,25.2,22.4,19.4
2023-06-23T13:00:00Z,24.2,25.8,25.8,25.7,25.7,26.3,25.2,22.4,19.4
2023-06-23T14:00:00Z,25.7,26,25.8,25.7,25.7,26.3,25.2,22.4,19.4
2023-06-23T15:00:00Z,25.2,26.2,25.9,25.8,25.7,26.2,25.2,22.4,19.4
2023-06-23T16:00:00Z,26.3,26.2,26,25.9,25.8,26.2,25.2,22.4,19.4
2023-06-23T17:00:00Z,25.8,26.3,26.1,25.9,25.8,26.2,25.2,22.4,19.4
2023-06-23T18:00:00Z,25,26.1,26.1,26,25.8,26.2,25.2,22.4,19.4
2023-06-23T19:00:00Z,23.5,25.8,26,25.9,25.8,26.2,25.2,22.4,19.4
2023-06-23T20:00:00Z,23.4,25.4,25.8,25.9,25.8,26.2,25.2,22.4,19.4
2023-06-23T21:00:00Z,22.8,25.1,25.7,25.8,25.8,26.2,25.2,22.4,19.4
2023-06-23T22:00:00Z,22.7,24.9,25.5,25.7,25.8,26.2,25.1,22.4,19.4
2023-06-23T23:00:00Z,22.9,24.7,25.3,25.6,25.7,26.2,25.1,22.4,19.4
2023-06-24T00:00:00Z,22.9,24.6,25.2,25.5,25.6,26.2,25.1,22.4,19.4
2023-06-24T01:00:00Z,23.1,24.5,25.1,25.4,25.6,26.1,25.1,22.4,19.4
2023-06-24T02:00:00Z,23.1,24.5,25,25.3,25.5,26.1,25.1,22.4,19.4
2023-06-24T03:00:00Z,23,24.4,24.9,25.2,25.4,26.1,25.1,22.4,19.4
2023-06-24T04:00:00Z,22.6,24.3,24.9,25.1,25.4,26.1,25.1,22.4,19.4
2023-06-24T05:00:00Z,22.6,24.2,24.8,25.1,25.3,26,25.1,22.4,19.4
2023-06-24T06:00:00Z,23.1,24.2,24.7,25,25.3,26,25.1,22.4,19.4
2023-06-24T07:00:00Z,24.1,24.3,24.7,24.9,25.2,26,25.1,22.4,19.4
2023-06-24T08:00:00Z,26.3,24.7,24.7,24.9,25.2,25.9,25.1,22.4,19.4
2023-06-24T09:00:00Z,25.9,25,24.9,24.9,25.1,25.9,25.1,22.4,19.4
2023-06-24T10:00:00Z,29.2,25.3,25,25,25.1,25.9,25.1,22.4,19.4
2023-06-24T11:00:00Z,32.6,26,25.3,25.1,25.1,25.9,25.1,22.4,19.4
2023-06-24T12:00:00Z,33.6,27.1,25.7,25.3,25.2,25.8,25.1,22.4,19.4
2023-06-24T13:00:00Z,33.3,27.4,26.2,25.5,25.3,25.8,25.1,22.4,19.4
2023-06-24T14:00:00Z,31.8,27.4,26.4,25.8,25.4,25.8,25.1,22.4,19.4
2023-06-24T15:00:00Z,28.5,27.2,26.6,26,25.5,25.8,25.1,22.5,19.4
2023-06-24T16:00:00Z,28.9,27,26.5,26.1,25.7,25.8,25,22.5,19.4
2023-06-24T17:00:00Z,28.7,26.9,26.5,26.1,25.7,25.9,25,22.5,19.4
2023-06-24T18:00:00Z,26.5,26.7,26.5,26.2,25.8,25.9,25,22.5,19.4
2023-06-24T19:00:00Z,25.5,26.4,26.4,26.2,25.8,25.9,25,22.5,19.4
2023-06-24T20:00:00Z,24.9,26.1,26.3,26.1,25.9,25.9,25,22.5,19.4
2023-06-24T21:00:00Z,24.2,25.9,26.1,26,25.9,25.9,25,22.5,19.4
2023-06-24T22:00:00Z,24,25.7,26,26,25.8,26,25,22.5,19.4
2023-06-24T23:00:00Z,24,25.5,25.8,25.9,25.8,26,25,22.5,19.4
2023-06-25T00:00:00Z,24.1,25.4,25.7,25.8,25.8,26,25,22.5,19.4
2023-06-25T01:00:00Z,23.6,25.3,25.6,25.7,25.7,26,25,22.5,19.4
2023-06-25T02:00:00Z,23.6,25.1,25.5,25.6,25.7,26,25,22.5,19.4
2023-06-25T03:00:00Z,23.8,25,25.4,25.5,25.6,26,25,22.5,19.4
2023-06-25T04:00:00Z,23.8,25,25.3,25.5,25.5,25.9,25,22.5,19.4
2023-06-25T05:00:00Z,23.7,24.9,25.2,25.4,25.5,25.9,25,22.5,19.4
2023-06-25T06:00:00Z,23.5,24.8,25.2,25.3,25.4,25.9,24.9,22.5,19.4
2023-06-25T07:00:00Z,23.6,24.7,25.1,25.3,25.4,25.9,24.9,22.5,19.4
2023-06-25T08:00:00Z,23.6,24.7,25,25.2,25.3,25.9,24.9,22.5,19.4
2023-06-25T09:00:00Z,25.1,24.9,25,25.1,25.3,25.8,24.9,22.5,19.4
2023-06-25T10:00:00Z,25.2,25,25.1,25.1,25.3,25.8,24.9,22.5,19.5
2023-06-25T11:00:00Z,30.9,25.7,25.2,25.1,25.2,25.8,24.9,22.5,19.5
2023-06-25T12:00:00Z,28.7,25.9,25.5,25.3,25.2,25.8,24.9,22.5,19.5
2023-06-25T13:00:00Z,25.5,26.4,25.7,25.4,25.3,25.8,24.9,22.5,19.5
2023-06-25T14:00:00Z,31.1,26.5,25.8,25.5,25.3,25.8,24.9,22.5,19.5
2023-06-25T15:00:00Z,34.2,27.2,26.1,25.7,25.4,25.7,25,22.5,19.5
2023-06-25T16:00:00Z,30.3,27.5,26.5,25.9,25.5,25.8,25,22.5,19.5
2023-06-25T17:00:00Z,30.4,27.5,26.7,26.1,25.6,25.8,25,22.5,19.5
2023-06-25T18:00:00Z,28.4,27.3,26.7,26.2,25.7,25.8,25,22.5,19.5
2023-06-25T19:00:00Z,26.4,27,26.7,26.3,25.8,25.8,25,22.5,19.5
2023-06-25T20:00:00Z,25.5,26.6,26.6,26.3,25.9,25.8,25,22.5,19.5
2023-06-25T21:00:00Z,24.9,26.3,26.4,26.2,25.9,25.8,25,22.5,19.5
2023-06-25T22:00:00Z,24.6,26.1,26.3,26.1,25.9,25.9,25,22.5,19.5
2023-06-25T23:00:00Z,24.2,25.8,26.1,26.1,25.9,25.9,25,22.5,19.5
2023-06-26T00:00:00Z,23.6,25.6,25.9,26,25.8,25.9,25,22.5,19.5
2023-06-26T01:00:00Z,23.5,25.3,25.8,25.9,25.8,25.9,25,22.5,19.5
2023-06-26T02:00:00Z,23.4,25.2,25.6,25.7,25.7,25.9,25,22.5,19.5
2023-06-26T03:00:00Z,23.2,25,25.5,25.6,25.7,25.9,25,22.5,19.5
2023-06-26T04:00:00Z,23,24.9,25.4,25.5,25.6,25.9,24.9,22.5,19.5
2023-06-26T05:00:00Z,22.9,24.7,25.2,25.4,25.5,25.9,24.9,22.5,19.5
2023-06-26T06:00:00Z,23.4,24.6,25.1,25.3,25.5,25.9,24.9,22.5,19.5
2023-06-26T07:00:00Z,25.8,24.7,25,25.2,25.4,25.9,24.9,22.5,19.5
2023-06-26T08:00:00Z,28.5,25.3,25.1,25.2,25.3,25.8,24.9,22.6,19.5
2023-06-26T09:00:00Z,35.3,26.5,25.4,25.3,25.3,25.8,24.9,22.6,19.5
2023-06-26T10:00:00Z,37.5,27.9,26.1,25.5,25.3,25.8,24.9,22.6,19.5
2023-06-26T11:00:00Z,50.4,29.5,26.9,25.9,25.5,25.8,24.9,22.6,19.5
2023-06-26T12:00:00Z,56.3,31.3,27.9,26.4,25.7,25.8,24.9,22.6,19.5
2023-06-26T13:00:00Z,51.9,32.7,29,27.1,26,25.8,24.9,22.6,19.5
2023-06-26T14:00:00Z,43.2,32.6,29.7,27.7,26.3,25.9,24.9,22.6,19.5
2023-06-26T15:00:00Z,37.8,31.7,29.9,28.2,26.7,25.9,24.9,22.6,19.5
2023-06-26T16:00:00Z,41.6,31.3,29.9,28.4,27,26,24.9,22.6,19.5
2023-06-26T17:00:00Z,37.8,31.3,29.8,28.6,27.2,26.1,24.9,22.6,19.5
2023-06-26T18:00:00Z,30.3,30.2,29.6,28.6,27.4,26.2,24.9,22.6,19.5
2023-06-26T19:00:00Z,28,29.5,29.3,28.6,27.5,26.3,24.9,22.6,19.5
2023-06-26T20:00:00Z,25.6,28.8,28.9,28.4,27.5,26.4,24.9,22.6,19.5
2023-06-26T21:00:00Z,25.4,28.2,28.5,28.2,27.5,26.5,24.9,22.6,19.5
2023-06-26T22:00:00Z,25.7,27.8,28.2,28,27.5,26.6,24.9,22.6,19.5
2023-06-26T23:00:00Z,25.3,27.5,27.9,27.8,27.4,26.6,24.9,22.6,19.5
2023-06-27T00:00:00Z,25.4,27.3,27.7,27.6,27.3,26.7,24.9,22.6,19.5
2023-06-27T01:00:00Z,25,27,27.4,27.5,27.2,26.7,24.9,22.6,19.5
2023-06-27T02:00:00Z,24.9,26.8,27.2,27.3,27.1,26.7,24.9,22.6,19.5
2023-06-27T03:00:00Z,24.8,26.6,27.1,27.1,27,26.8,24.9,22.6,19.5
2023-06-27T04:00:00Z,24.3,26.4,26.9,27,26.9,26.8,24.9,22.6,19.6
2023-06-27T05:00:00Z,24,26.2,26.7,26.9,26.8,26.7,24.9,22.6,19.6
2023-06-27T06:00:00Z,24.5,26,26.5,26.7,26.7,26.7,24.9,22.6,19.6
2023-06-27T07:00:00Z,26.4,26.1,26.4,26.6,26.6,26.7,24.9,22.6,19.6
2023-06-27T08:00:00Z,30.2,26.5,26.4,26.5,26.5,26.7,24.9,22.6,19.6
2023-06-27T09:00:00Z,42.6,27.8,26.7,26.5,26.5,26.7,24.9,22.6,19.6
2023-06-27T10:00:00Z,54.2,29.8,27.5,26.8,26.5,26.7,24.9,22.6,19.6
2023-06-27T11:00:00Z,56.4,31.7,28.5,27.2,26.6,26.7,25,22.6,19.6
2023-06-27T12:00:00Z,60.3,33.4,29.6,27.8,26.8,26.7,25,22.6,19.6
2023-06-27T13:00:00Z,57.7,34.6,30.7,28.5,27.2,26.7,25,22.6,19.6
2023-06-27T14:00:00Z,46.7,34.5,31.3,29.2,27.5,26.7,25,22.6,19.6
2023-06-27T15:00:00Z,39.5,33.2,31.4,29.6,27.9,26.8,25,22.6,19.6
2023-06-27T16:00:00Z,44.2,32.9,31.3,29.8,28.2,26.9,25,22.6,19.6
2023-06-27T17:00:00Z,40.1,32.8,31.3,29.9,28.4,27,25,22.6,19.6
2023-06-27T18:00:00Z,32.9,31.8,31.1,30,28.6,27.1,25,22.6,19.6
2023-06-27T19:00:00Z,30.8,31.2,30.7,29.9,28.7,27.2,25,22.6,19.6
2023-06-27T20:00:00Z,29.8,30.6,30.4,29.7,28.7,27.3,25,22.6,19.6
2023-06-27T21:00:00Z,28.7,30.2,30.1,29.6,28.7,27.4,25,22.6,19.6
2023-06-27T22:00:00Z,28,29.7,29.8,29.4,28.6,27.5,25.1,22.6,19.6
2023-06-27T23:00:00Z,27.8,29.4,29.5,29.2,28.6,27.6,25.1,22.6,19.6
2023-06-28T00:00:00Z,27.6,29.1,29.3,29.1,28.5,27.7,25.1,22.6,19.6
2023-06-28T01:00:00Z,27.5,28.9,29.1,28.9,28.4,27.7,25.1,22.6,19.6
2023-06-28T02:00:00Z,27.4,28.6,28.9,28.7,28.3,27.7,25.1,22.6,19.6
2023-06-28T03:00:00Z,26.7,28.4,28.7,28.6,28.2,27.7,25.1,22.6,19.6
2023-06-28T04:00:00Z,26.6,28.2,28.5,28.4,28.1,27.8,25.1,22.6,19.6
2023-06-28T05:00:00Z,26.3,28,28.3,28.3,28,27.8,25.2,22.6,19.6
2023-06-28T06:00:00Z,27.5,27.8,28.1,28.1,27.9,27.7,25.2,22.6,19.6
2023-06-28T07:00:00Z,29.7,28,28,28,27.9,27.7,25.2,22.6,19.6
2023-06-28T08:00:00Z,35.3,28.5,28.1,28,27.8,27.7,25.2,22.6,19.6
2023-06-28T09:00:00Z,44.1,29.3,28.3,28,27.7,27.7,25.2,22.6,19.6
2023-06-28T10:00:00Z,49.4,30.9,28.9,28.2,27.7,27.7,25.2,22.6,19.6
2023-06-28T11:00:00Z,60.2,32.4,29.7,28.5,27.8,27.7,25.3,22.6,19.6
2023-06-28T12:00:00Z,57.1,34.3,30.7,29,28,27.7,25.3,22.6,19.6
2023-06-28T13:00:00Z,57.7,34.5,31.5,29.6,28.3,27.7,25.3,22.6,19.6
2023-06-28T14:00:00Z,43.9,34.3,31.9,30.1,28.6,27.8,25.3,22.6,19.6
2023-06-28T15:00:00Z,41.6,33.7,32,30.4,28.9,27.8,25.3,22.7,19.6
2023-06-28T16:00:00Z,43.2,33.4,32,30.6,29.1,27.9,25.4,22.7,19.6
2023-06-28T17:00:00Z,35.5,32.8,31.8,30.7,29.3,28,25.4,22.7,19.6
2023-06-28T18:00:00Z,32.7,32,31.5,30.6,29.4,28.1,25.4,22.7,19.6
2023-06-28T19:00:00Z,30.7,31.4,31.2,30.5,29.4,28.1,25.4,22.6,19.6
2023-06-28T20:00:00Z,29.5,30.9,30.9,30.3,29.4,28.2,25.4,22.7,19.6
2023-06-28T21:00:00Z,29.3,30.5,30.6,30.2,29.4,28.3,25.4,22.7,19.6
2023-06-28T22:00:00Z,29.4,30.2,30.3,30,29.3,28.4,25.4,22.7,19.6
2023-06-28T23:00:00Z,29,30,30.1,29.8,29.2,28.4,25.4,22.7,19.6
2023-06-29T00:00:00Z,28.9,29.7,29.9,29.6,29.1,28.4,25.5,22.7,19.6
2023-06-29T01:00:00Z,28.5,29.5,29.7,29.5,29,28.5,25.5,22.7,19.6
2023-06-29T02:00:00Z,28.4,29.3,29.5,29.4,29,28.5,25.5,22.7,19.6
2023-06-29T03:00:00Z,28.5,29.1,29.3,29.2,28.9,28.5,25.5,22.7,19.6
2023-06-29T04:00:00Z,28.5,29,29.2,29.1,28.8,28.5,25.5,22.7,19.6
2023-06-29T05:00:00Z,28,28.8,29,29,28.7,28.5,25.6,22.7,19.6
2023-06-29T06:00:00Z,28.5,28.7,28.9,28.8,28.6,28.4,25.6,22.7,19.6
2023-06-29T07:00:00Z,29,28.6,28.8,28.7,28.5,28.4,25.6,22.7,19.6
2023-06-29T08:00:00Z,31.1,28.7,28.7,28.6,28.4,28.4,25.6,22.7,19.7
2023-06-29T09:00:00Z,40.8,29.3,28.8,28.6,28.4,28.4,25.6,22.7,19.7
2023-06-29T10:00:00Z,43.5,30.5,29.1,28.6,28.3,28.4,25.7,22.7,19.7
2023-06-29T11:00:00Z,44,31.3,29.6,28.8,28.4,28.4,25.7,22.7,19.7
2023-06-29T12:00:00Z,49.9,31.6,30,29.1,28.4,28.3,25.7,22.7,19.7
2023-06-29T13:00:00Z,46,32.5,30.5,29.4,28.6,28.3,25.7,22.7,19.7
2023-06-29T14:00:00Z,40.7,32.3,30.8,29.7,28.7,28.3,25.7,22.7,19.7
2023-06-29T15:00:00Z,40.5,32.2,30.9,29.9,28.9,28.4,25.8,22.7,19.7
2023-06-29T16:00:00Z,38.9,31.9,30.9,30,29,28.4,25.8,22.7,19.7
2023-06-29T17:00:00Z,35.2,31.7,30.9,30,29.1,28.4,25.8,22.7,19.7
2023-06-29T18:00:00Z,31.4,31.1,30.7,30,29.2,28.4,25.8,22.7,19.7
2023-06-29T19:00:00Z,27.5,30.5,30.5,30,29.2,28.5,25.8,22.7,19.7
2023-06-29T20:00:00Z,27.1,29.7,30,29.8,29.2,28.5,25.8,22.7,19.7
2023-06-29T21:00:00Z,27,29.3,29.7,29.6,29.1,28.5,25.8,22.7,19.7
2023-06-29T22:00:00Z,27,29.1,29.4,29.4,29,28.6,25.8,22.7,19.7
2023-06-29T23:00:00Z,26.8,28.8,29.2,29.2,28.9,28.6,25.9,22.7,19.7
2023-06-30T00:00:00Z,25.9,27.6,28.2,28.7,28.8,28.7,26.1,22.7,19.7
